<?xml version="1.0" encoding="UTF-8" ?>
<XMLDB PATH="mod/googlemeet/db" VERSION="20201002" COMMENT="XMLDB file for Moodle mod_googlemeet"
    xmlns:xsi="http://www.w3.org/2001/XMLSchema-instance"
    xsi:noNamespaceSchemaLocation="../../../lib/xmldb/xmldb.xsd"
>
  <TABLES>
    <TABLE NAME="googlemeet" COMMENT="Stores the googlemeet activity module instances.">
      <FIELDS>
        <FIELD NAME="id" TYPE="int" LENGTH="10" NOTNULL="true" SEQUENCE="true"/>
        <FIELD NAME="course" TYPE="int" LENGTH="10" NOTNULL="true" SEQUENCE="false" COMMENT="ID of the course this activity is part of."/>
        <FIELD NAME="name" TYPE="char" LENGTH="255" NOTNULL="true" SEQUENCE="false" COMMENT="The name of the activity module instance."/>
        <FIELD NAME="originalname" TYPE="char" LENGTH="255" NOTNULL="true" SEQUENCE="false" COMMENT="The original name of the activity module instance."/>
        <FIELD NAME="url" TYPE="char" LENGTH="255" NOTNULL="true" SEQUENCE="false" COMMENT="The URL of room."/>
        <FIELD NAME="creatoremail" TYPE="char" LENGTH="255" NOTNULL="false" SEQUENCE="false" COMMENT="Email from the Google account that created the room."/>
        <FIELD NAME="intro" TYPE="text" NOTNULL="false" SEQUENCE="false" COMMENT="Activity description."/>
        <FIELD NAME="introformat" TYPE="int" LENGTH="4" NOTNULL="true" DEFAULT="0" SEQUENCE="false" COMMENT="The format of the intro field."/>
        <FIELD NAME="lastsync" TYPE="int" LENGTH="10" NOTNULL="false" SEQUENCE="false" COMMENT="The last time this activity was synced to Google Drive."/>
        <FIELD NAME="eventdate" TYPE="int" LENGTH="10" NOTNULL="true" DEFAULT="0" SEQUENCE="false" COMMENT="The date of the event."/>
        <FIELD NAME="starthour" TYPE="int" LENGTH="10" NOTNULL="true" DEFAULT="0" SEQUENCE="false" COMMENT="The start hour of the event."/>
        <FIELD NAME="startminute" TYPE="int" LENGTH="10" NOTNULL="true" DEFAULT="0" SEQUENCE="false" COMMENT="The start minute of the event."/>
        <FIELD NAME="endhour" TYPE="int" LENGTH="10" NOTNULL="true" DEFAULT="0" SEQUENCE="false" COMMENT="The end hour of the event."/>
        <FIELD NAME="endminute" TYPE="int" LENGTH="10" NOTNULL="true" DEFAULT="0" SEQUENCE="false" COMMENT="The end minute of the event."/>
        <FIELD NAME="addmultiply" TYPE="int" LENGTH="4" NOTNULL="true" DEFAULT="0" SEQUENCE="false" COMMENT="Whether to add multiple events."/>
        <FIELD NAME="days" TYPE="char" LENGTH="255" NOTNULL="false" SEQUENCE="false" COMMENT="Days of the week."/>
        <FIELD NAME="period" TYPE="int" LENGTH="4" NOTNULL="false" SEQUENCE="false" COMMENT="The event period."/>
        <FIELD NAME="eventenddate" TYPE="int" LENGTH="10" NOTNULL="false" SEQUENCE="false" COMMENT="The event end date."/>
        <FIELD NAME="notify" TYPE="int" LENGTH="4" NOTNULL="true" DEFAULT="0" SEQUENCE="false" COMMENT="Whether to send notification to the student."/>
        <FIELD NAME="minutesbefore" TYPE="int" LENGTH="10" NOTNULL="true" DEFAULT="0" SEQUENCE="false" COMMENT="When the notification should be send."/>
        <FIELD NAME="timemodified" TYPE="int" LENGTH="10" NOTNULL="true" DEFAULT="0" SEQUENCE="false" COMMENT="Timestamp of when the instance was last modified."/>
      </FIELDS>
      <KEYS>
        <KEY NAME="primary" TYPE="primary" FIELDS="id"/>
      </KEYS>
      <INDEXES>
        <INDEX NAME="course" UNIQUE="false" FIELDS="course"/>
      </INDEXES>
    </TABLE>
    <TABLE NAME="googlemeet_events" COMMENT="Stores the googlemeet events.">
      <FIELDS>
        <FIELD NAME="id" TYPE="int" LENGTH="10" NOTNULL="true" SEQUENCE="true"/>
        <FIELD NAME="googlemeetid" TYPE="int" LENGTH="10" NOTNULL="true" SEQUENCE="false"/>
        <FIELD NAME="eventdate" TYPE="int" LENGTH="10" NOTNULL="true" DEFAULT="0" SEQUENCE="false" COMMENT="The date of the event."/>
        <FIELD NAME="duration" TYPE="int" LENGTH="10" NOTNULL="true" DEFAULT="0" SEQUENCE="false" COMMENT="The duration of the event."/>
        <FIELD NAME="timemodified" TYPE="int" LENGTH="10" NOTNULL="true" DEFAULT="0" SEQUENCE="false" COMMENT="Timestamp of when the instance was added to the course."/>
      </FIELDS>
      <KEYS>
        <KEY NAME="primary" TYPE="primary" FIELDS="id"/>
        <KEY NAME="googlemeetidfk" TYPE="foreign" FIELDS="googlemeetid" REFTABLE="googlemeet" REFFIELDS="id"/>
      </KEYS>
    </TABLE>
    <TABLE NAME="googlemeet_recordings" COMMENT="Stores references from Google Meet recordings.">
      <FIELDS>
        <FIELD NAME="id" TYPE="int" LENGTH="10" NOTNULL="true" SEQUENCE="true"/>
        <FIELD NAME="googlemeetid" TYPE="int" LENGTH="10" NOTNULL="true" SEQUENCE="false"/>
        <FIELD NAME="recordingid" TYPE="char" LENGTH="255" NOTNULL="true" SEQUENCE="false" COMMENT="ID of the video in Google Drive."/>
        <FIELD NAME="name" TYPE="char" LENGTH="255" NOTNULL="true" SEQUENCE="false" COMMENT="The name of the video."/>
        <FIELD NAME="createdtime" TYPE="int" LENGTH="10" NOTNULL="true" DEFAULT="0" SEQUENCE="false" COMMENT="Timestamp of the video creation date."/>
        <FIELD NAME="duration" TYPE="char" LENGTH="16" NOTNULL="true" SEQUENCE="false" COMMENT="Duration of the video."/>
        <FIELD NAME="webviewlink" TYPE="text" NOTNULL="true" SEQUENCE="false" COMMENT="Video preview link."/>
        <FIELD NAME="visible" TYPE="int" LENGTH="4" NOTNULL="true" DEFAULT="1" SEQUENCE="false" COMMENT="If the recording should be visible."/>
        <FIELD NAME="timemodified" TYPE="int" LENGTH="10" NOTNULL="true" DEFAULT="0" SEQUENCE="false" COMMENT="Timestamp of when the instance was added to the course."/>
      </FIELDS>
      <KEYS>
        <KEY NAME="primary" TYPE="primary" FIELDS="id"/>
        <KEY NAME="googlemeetidfk" TYPE="foreign" FIELDS="googlemeetid" REFTABLE="googlemeet" REFFIELDS="id"/>
      </KEYS>
    </TABLE>
    <TABLE NAME="googlemeet_notify_done" COMMENT="Stores references from Google Meet recordings.">
      <FIELDS>
        <FIELD NAME="id" TYPE="int" LENGTH="10" NOTNULL="true" SEQUENCE="true"/>
        <FIELD NAME="eventid" TYPE="int" LENGTH="10" NOTNULL="true" SEQUENCE="false"/>
        <FIELD NAME="userid" TYPE="int" LENGTH="10" NOTNULL="true" SEQUENCE="false"/>
        <FIELD NAME="timesent" TYPE="int" LENGTH="10" NOTNULL="true" DEFAULT="0" SEQUENCE="false" COMMENT="Timestamp of the video creation date."/>
      </FIELDS>
      <KEYS>
        <KEY NAME="primary" TYPE="primary" FIELDS="id"/>
        <KEY NAME="eventidfk" TYPE="foreign" FIELDS="eventid" REFTABLE="googlemeet_events" REFFIELDS="id"/>
      </KEYS>
    </TABLE>
  </TABLES>
</XMLDB>